City_ID,City,Lat,Lng,Max Temp,Humidity,Cloudiness,Wind Speed,Country,Date
0,punta arenas,-53.15,-70.9167,13.06,76,100,5.66,CL,1736625201
1,kroya,-7.6331,109.2461,26.91,89,100,1.26,ID,1736625398
2,saldanha,-33.0117,17.9442,20.03,86,15,5.2,ZA,1736625400
3,talnakh,69.4865,88.3972,-27.06,88,95,3.17,RU,1736625401
4,ribeira grande,38.5167,-28.7,20.22,83,40,15.65,PT,1736625402
5,college,64.8569,-147.8028,-3.03,68,75,2.06,US,1736625404
6,ust-nera,64.5667,143.2,-39.01,98,75,0.72,RU,1736625405
7,rafsanjan,30.4067,55.9939,9.97,32,66,1.89,IR,1736625406
8,susuman,62.7833,148.1667,-42.58,100,85,0.22,RU,1736625408
9,avarua,-21.2078,-159.775,27.03,89,100,11.32,CK,1736625409
10,gold camp,33.2937,-111.3043,13.57,15,0,1.97,US,1736625410
11,bredasdorp,-34.5322,20.0403,18.87,79,3,4.52,ZA,1736625412
12,wismar,53.9,11.4667,2.92,83,16,9.32,DE,1736625416
13,sarangani,5.4033,125.4636,28.18,75,100,9.27,PH,1736625417
14,bilibino,68.0546,166.4372,-30.1,98,100,1.08,RU,1736625418
15,omutinskiy,56.4745,67.6709,-6.42,96,100,2.11,RU,1736625420
16,banda aceh,5.5577,95.3222,24.92,86,98,4.27,ID,1736625421
17,kolonia town,6.964,158.206,27.0,89,100,3.09,FM,1736625422
18,akrehamn,59.2667,5.1833,-8.86,92,0,2.06,NO,1736625423
19,adamstown,-25.066,-130.1015,24.48,70,41,1.75,PN,1736625425
20,novodvinsk,64.4165,40.8122,-17.14,97,100,1.88,RU,1736625426
21,helensburgh,56.0061,-4.7265,1.78,99,100,0.63,GB,1736625360
22,utrik,11.2278,169.8474,26.48,82,82,9.95,MH,1736625429
23,grytviken,-54.2811,-36.5092,4.95,72,56,1.45,GS,1736625431
24,invercargill,-46.4,168.35,11.12,72,32,1.79,NZ,1736625042
25,balykchy,42.4557,76.1861,-4.0,83,0,0.4,KG,1736625434
26,hadibu,12.65,54.0333,22.0,65,20,5.41,YE,1736625435
27,sitka,57.0531,-135.33,7.94,76,100,5.14,US,1736625437
28,taupo,-38.6833,176.0833,12.18,56,44,2.33,NZ,1736625438
29,bereeda,11.8704,51.0579,22.53,65,76,4.15,SO,1736625439
30,olonkinbyen,70.9221,-8.7187,-9.68,76,99,3.94,SJ,1736625441
31,pontian kechil,1.4866,103.3896,24.0,96,100,3.24,MY,1736625442
32,port-aux-francais,-49.35,70.2167,5.79,78,13,16.13,TF,1736625443
33,anatuya,-28.4606,-62.8347,38.63,11,0,4.23,AR,1736625445
34,tiksi,71.6872,128.8694,-33.29,100,52,1.22,RU,1736625446
35,bonthe,7.5264,-12.505,26.67,74,100,3.74,SL,1736625447
36,edinburgh of the seven seas,-37.0676,-12.3116,17.11,85,95,4.76,SH,1736625449
37,glace bay,46.1969,-59.957,0.74,83,75,5.14,CA,1736625450
38,longgang,37.6508,120.3286,0.25,52,84,4.3,CN,1736625451
39,koryazhma,61.3143,47.1691,-0.46,97,100,2.8,RU,1736625453
40,badger,64.8,-147.5333,-0.75,69,0,2.06,US,1736625454
41,brookings,44.3114,-96.7984,-1.59,95,100,3.6,US,1736625455
42,port lincoln,-34.7333,135.8667,19.56,80,3,3.66,AU,1736625456
43,port mathurin,-19.6833,63.4167,25.64,77,3,8.85,MU,1736625458
44,waitangi,-43.9535,-176.5597,11.57,99,100,3.58,NZ,1736625459
45,harstad,68.799,16.5293,-1.03,96,100,6.22,NO,1736625460
46,tadine,-21.55,167.8833,23.79,71,2,2.13,NC,1736625462
47,soio,-6.1349,12.3689,26.45,85,98,4.47,AO,1736625463
48,blackmans bay,-43.0167,147.3167,18.4,86,100,2.8,AU,1736625465
49,broome,42.2506,-75.833,-3.35,76,100,5.14,US,1736625466
50,papatowai,-46.5619,169.4708,10.98,65,100,1.79,NZ,1736625467
51,kone,-21.0595,164.8658,24.22,71,2,1.05,NC,1736625468
52,albany,42.6001,-73.9662,-2.39,76,100,1.34,US,1736625351
53,cam ranh,11.9214,109.1591,22.98,60,40,10.8,VN,1736625471
54,ushuaia,-54.8,-68.3,12.81,58,40,2.06,AR,1736625474
55,iqaluit,63.7506,-68.5145,-11.15,67,100,2.57,CA,1736625476
56,thompson,55.7435,-97.8558,-23.91,70,40,5.14,CA,1736625478
57,armacao de buzios,-22.7469,-41.8817,27.09,78,61,3.47,BR,1736625479
58,isafjordur,66.0755,-23.124,1.64,95,100,2.49,IS,1736625482
59,west island,-12.1568,96.8225,26.99,83,78,3.6,CC,1736625483
60,yanbu,24.0891,38.0637,20.02,52,0,4.12,SA,1736625485
61,augusto correa,-1.0217,-46.635,25.56,96,83,1.99,BR,1736625486
62,fort st. john,56.2499,-120.8529,1.94,69,75,4.63,CA,1736625488
63,luderitz,-26.6481,15.1594,19.76,65,1,10.11,NA,1736625489
64,santana,-0.0583,-51.1817,26.1,94,75,1.54,BR,1736625490
65,puerto ayora,-0.7393,-90.3518,25.31,92,82,2.24,EC,1736625491
66,iranshahr,27.2025,60.6848,12.19,26,0,2.06,IR,1736625493
67,mabaruma,8.2,-59.7833,26.89,65,100,2.75,GY,1736625494
68,bathsheba,13.2167,-59.5167,30.34,62,40,6.17,BB,1736625495
69,bikenibeu village,1.3673,173.1241,26.98,94,75,2.57,KI,1736625496
70,nadi,-17.8,177.4167,24.0,73,20,3.09,FJ,1736625380
71,esqueda,30.7167,-109.5833,13.3,16,0,1.38,MX,1736625499
72,enewetak,11.3474,162.3373,27.07,70,59,9.49,MH,1736625500
73,caleta olivia,-46.4393,-67.5281,23.08,39,100,5.99,AR,1736625501
74,whitehorse,60.7161,-135.0538,1.43,75,100,3.6,CA,1736625307
75,lerwick,60.1545,-1.1494,3.72,66,51,4.6,GB,1736625504
76,porto novo,6.4965,2.6036,27.9,57,8,2.84,BJ,1736625490
77,arraial do cabo,-22.9661,-42.0278,25.92,69,75,4.12,BR,1736625506
78,kingston,17.997,-76.7936,28.53,65,75,3.6,JM,1736625508
79,wanxian,30.8039,108.3897,6.97,72,5,1.16,CN,1736625509
80,bethel,41.3712,-73.414,-0.64,74,100,4.12,US,1736625510
81,gornyy,55.1153,83.9059,-9.86,94,97,5.57,RU,1736625512
82,hermanus,-34.4187,19.2345,20.45,81,27,4.04,ZA,1736625513
83,klyuchi,52.2667,79.1667,-10.54,95,98,3.92,RU,1736625514
84,riviere-du-loup,47.8304,-69.5342,-5.85,93,100,2.06,CA,1736625316
85,yellowknife,62.456,-114.3525,-25.71,70,75,4.63,CA,1736625517
86,ilulissat,69.2167,-51.1,-29.55,78,19,1.83,GL,1736625518
87,northam,51.0333,-4.2167,5.45,96,100,1.34,GB,1736625519
88,tutoia,-2.7619,-42.2744,28.12,77,57,4.78,BR,1736625521
89,guiuan,11.0333,125.7247,27.32,82,100,7.61,PH,1736625523
90,khanty-mansiysk,61.0042,69.0019,-13.94,85,0,3.0,RU,1736625524
91,smithers,54.7804,-127.1743,-1.82,93,75,1.03,CA,1736625525
92,kodiak,57.79,-152.4072,2.73,93,20,2.57,US,1736625527
93,puerto leguizamo,-0.1934,-74.7819,34.36,37,93,2.44,CO,1736625528
94,ola,59.5833,151.2833,-26.42,87,1,3.64,RU,1736625529
95,nova sintra,14.8667,-24.7167,24.07,75,0,8.08,CV,1736625531
96,anadyr,64.75,177.4833,-18.89,84,100,3.0,RU,1736625532
97,tura,25.5198,90.2201,14.37,66,28,1.66,IN,1736625533
98,chimore,-16.9833,-65.1333,22.07,99,100,1.26,BO,1736625534
99,fale old settlement,-9.3852,-171.2468,28.04,75,96,6.44,TK,1736625536
100,lorengau,-2.0226,147.2712,27.54,78,100,3.31,PG,1736625537
101,kudahuvadhoo,2.6708,72.8944,26.69,75,96,2.15,MV,1736625539
102,piti village,13.4626,144.6933,26.19,78,0,8.23,GU,1736625540
103,ghadamis,30.1337,9.5007,14.28,35,0,3.49,LY,1736625541
104,chenab nagar,31.7541,72.92,10.4,74,99,3.01,PK,1736625542
105,hamilton,39.1834,-84.5333,1.44,63,40,6.17,US,1736625278
106,puerto baquerizo moreno,-0.9,-89.6,28.55,65,75,6.69,EC,1736625437
107,sola,-13.8833,167.55,27.1,69,25,2.55,VU,1736625548
108,alotau,-10.3069,150.4462,24.88,91,99,1.04,PG,1736625549
109,mount gambier,-37.8333,140.7667,17.09,96,100,2.51,AU,1736625550
110,ta`u,-14.2336,-169.5144,27.49,77,100,6.23,AS,1736625553
111,aomori,40.8244,140.74,0.84,76,100,0.45,JP,1736625554
112,jamestown,42.097,-79.2353,-3.66,91,100,4.12,US,1736625555
113,howrah,22.5892,88.3103,16.0,82,20,0.0,IN,1736625557
114,iskateley,67.6803,53.1512,-17.17,88,91,5.84,RU,1736625558
115,enzan,35.7,138.7333,1.82,52,100,0.25,JP,1736625559
116,an nabk,34.0255,36.7284,4.26,90,13,0.86,SY,1736625561
117,nouna,12.7333,-3.8667,26.01,13,100,3.71,BF,1736625562
118,zaysan,47.4667,84.8667,-13.49,93,90,1.11,KZ,1736625563
119,yilan,24.757,121.753,11.29,89,99,2.1,TW,1736625565
120,ouani,-12.1322,44.4258,26.27,88,100,3.51,KM,1736625566
121,stanley,54.868,-1.6985,-2.44,94,0,0.0,GB,1736625567
122,pathein,16.7833,94.7333,19.98,66,7,1.69,MM,1736625568
123,prado,-17.3411,-39.2208,26.11,82,74,3.57,BR,1736625570
124,pisco,-13.7,-76.2167,22.03,73,0,4.63,PE,1736625571
125,kananga,-5.8958,22.4178,20.44,88,81,0.52,CD,1736625572
126,vila velha,-20.3297,-40.2925,25.53,81,100,4.63,BR,1736625517
127,ellsworth,44.5434,-68.4195,-2.02,92,100,2.57,US,1736625575
128,aasiaat,68.7098,-52.8699,-26.12,100,90,0.66,GL,1736625576
129,el granada,37.5027,-122.4694,16.03,35,0,5.66,US,1736625578
130,vila franca do campo,37.7167,-25.4333,18.27,99,100,10.16,PT,1736625579
131,phibun mangsahan,15.2447,105.2291,15.2,68,55,6.94,TH,1736625580
132,st. john's,47.5649,-52.7093,1.09,94,100,6.17,CA,1736625581
133,berdigestyakh,62.0989,126.6992,-21.33,99,100,1.12,RU,1736625583
134,dudinka,69.4058,86.1778,-28.65,91,86,2.35,RU,1736625584
135,margaret river,-33.95,115.0667,15.58,81,0,0.93,AU,1736625585
136,antofagasta,-23.65,-70.4,22.6,77,0,2.86,CL,1736625587
137,new norfolk,-42.7826,147.0587,19.84,88,100,0.62,AU,1736625588
138,kodinsk,58.6881,99.1844,-8.74,96,100,2.08,RU,1736625589
139,putina,-15.4667,-69.4333,13.27,57,95,1.92,PE,1736625591
140,nemuro,43.3236,145.575,-4.21,76,33,4.25,JP,1736625592
141,palembang,-2.9167,104.7458,25.05,88,40,4.12,ID,1736625593
142,carutapera,-1.195,-46.02,26.43,88,27,3.46,BR,1736625596
143,fortaleza,-3.7227,-38.5247,31.07,66,40,5.14,BR,1736624949
144,wailua homesteads,22.0669,-159.378,22.85,84,25,0.45,US,1736625599
145,al kharijah,25.4514,30.5464,13.75,52,0,3.06,EG,1736625600
146,alice springs,-23.7,133.8833,28.75,21,75,3.6,AU,1736625601
147,thunder bay,48.4001,-89.3168,-8.05,73,100,1.54,CA,1736625458
148,aldama,22.9167,-98.0667,13.66,51,80,3.24,MX,1736625604
149,cidreira,-30.1811,-50.2056,23.4,68,1,5.82,BR,1736625605
150,nova vicosa,-17.8919,-39.3719,26.65,76,24,3.87,BR,1736625607
151,longyearbyen,78.2186,15.6401,-11.09,79,40,2.57,SJ,1736625608
152,geraldton,-28.7667,114.6,21.23,78,20,3.6,AU,1736625310
153,zambezi,-13.5432,23.1047,18.99,88,40,1.56,ZM,1736625592
154,rongelap,11.1635,166.8941,26.89,81,99,10.5,MH,1736625612
155,tlahualilo de zaragoza,26.1167,-103.45,10.69,30,16,1.9,MX,1736625613
156,gadzhiyevo,69.2551,33.3362,-14.62,94,11,5.59,RU,1736625614
157,dolores,-36.3132,-57.6792,27.75,42,96,7.86,AR,1736625616
158,newman,37.3138,-121.0208,15.58,36,0,8.49,US,1736625618
159,kununurra,-15.7667,128.7333,26.99,89,77,2.57,AU,1736625619
160,lisakovsk,52.5369,62.4936,-10.56,94,98,2.39,KZ,1736625620
161,kolonia,50.9333,6.95,1.15,91,100,5.14,DE,1736625382
162,lazaro cardenas,17.9583,-102.2,26.76,67,77,4.1,MX,1736625623
163,sydney,-33.8679,151.2073,19.72,84,0,0.0,AU,1736625186
164,tsiombe,-25.3,45.4833,26.22,70,0,2.75,MG,1736625626
165,gamba,-2.65,10.0,25.87,89,100,2.55,GA,1736625627
166,ashland,40.8167,-82.2665,-1.17,94,100,5.13,US,1736625629
167,port alfred,-33.5906,26.891,20.1,87,9,2.68,ZA,1736625628
168,fortuna,40.5982,-124.1573,11.16,67,0,4.63,US,1736625632
169,lata,40.1629,-8.3327,11.49,100,47,0.79,PT,1736625633
170,andergrove,-21.0833,149.1833,26.07,88,100,5.56,AU,1736625635
171,sao joao da barra,-21.6403,-41.0511,28.05,79,72,5.6,BR,1736625636
172,kalymnos,36.95,26.9833,14.74,88,40,2.57,GR,1736625638
173,jolo,6.05,121.0167,25.23,91,99,1.46,PH,1736625639
174,colonia,50.9333,6.95,1.15,91,100,5.14,DE,1736625382
175,puerto natales,-51.7236,-72.4875,14.25,77,100,2.57,CL,1736625642
176,karratha,-20.7377,116.8463,30.16,65,99,2.41,AU,1736625644
177,houlton,46.1262,-67.8403,-4.56,90,100,1.74,US,1736625645
178,kabo,7.6994,18.629,25.28,22,5,2.45,CF,1736625646
179,flying fish cove,-10.4217,105.6791,24.82,94,75,3.6,CX,1736625648
180,tual,-5.6667,132.75,28.2,74,100,1.67,ID,1736625649
181,san patricio,28.017,-97.5169,13.73,33,0,3.66,US,1736625650
182,douglas,41.3,-96.167,0.37,68,100,1.54,US,1736625652
183,camalu,30.85,-116.0667,17.62,29,0,6.99,MX,1736625653
184,ketchikan,55.3422,-131.6461,4.86,97,100,0.89,US,1736625654
185,mejit,10.2753,170.8646,26.59,71,100,10.01,MH,1736625655
186,mananjary,-21.2167,48.3333,24.93,91,28,1.81,MG,1736625657
187,urangan,-25.3,152.9,24.12,78,42,0.54,AU,1736625489
188,sisimiut,66.9395,-53.6735,-17.24,87,4,5.67,GL,1736625659
189,el bauga,18.262,33.9081,16.99,24,0,6.07,SD,1736625662
190,kalabo,-14.97,22.6814,19.9,85,62,2.41,ZM,1736625663
191,georgetown,5.4112,100.3354,26.79,61,20,4.12,MY,1736625665
192,beloha,-25.1667,45.05,26.0,71,0,3.66,MG,1736625666
193,hithadhoo,-0.6,73.0833,27.41,72,29,4.33,MV,1736625668
194,acarau,-2.8856,-40.12,28.61,70,10,6.19,BR,1736625610
195,melfort,52.8667,-104.6177,-16.93,78,100,4.63,CA,1736625671
196,ulverstone,-41.15,146.1667,20.4,91,100,3.15,AU,1736625673
197,westport,41.1415,-73.3579,0.53,73,100,4.63,US,1736625398
198,zhangye,38.9342,100.4517,-7.12,41,0,0.52,CN,1736625676
199,paramonga,-10.6667,-77.8333,23.24,75,93,4.12,PE,1736625680
200,okhotsk,59.3833,143.3,-24.82,86,44,3.9,RU,1736625681
201,nalut,30.3333,10.85,12.13,34,0,3.06,LY,1736625683
202,suoyarvi,62.0833,32.35,-6.21,94,100,5.16,RU,1736625684
203,libenge,3.65,18.6333,25.44,31,12,0.54,CD,1736625686
204,chonchi,-42.6128,-73.8092,22.87,41,99,0.86,CL,1736625689
205,pahrump,36.2083,-115.9839,13.38,19,0,7.15,US,1736625691
206,grand falls-windsor,48.9332,-55.6649,0.84,86,99,0.45,CA,1736625693
207,buka,40.8108,69.1986,0.72,52,0,0.8,UZ,1736625695
208,ha tien,10.3833,104.4833,23.41,59,100,8.87,VN,1736625696
209,baqubah,33.7485,44.6554,13.36,64,100,1.97,IQ,1736625699
210,slantsy,59.1182,28.0914,-0.37,98,100,4.15,RU,1736625701
211,kharod,21.75,82.5667,15.07,41,100,1.79,IN,1736625703
212,juegang,32.3174,121.1855,1.32,48,100,3.76,CN,1736625705
213,christchurch,-43.5333,172.6333,10.38,88,100,5.66,NZ,1736625300
214,haiku-pauwela,20.9219,-156.3051,22.45,83,32,9.39,US,1736625708
215,malango,-2.9627,119.9001,19.48,97,100,0.69,ID,1736625709
216,tolanaro,-25.0319,46.9987,27.04,78,20,12.35,MG,1736625711
217,kavieng,-2.5744,150.7967,27.87,77,100,3.61,PG,1736625713
218,timbuktu,16.7735,-3.0074,21.45,14,100,5.7,ML,1736625715
219,batticaloa,7.7102,81.6924,25.2,87,100,2.16,LK,1736625716
220,dunedin,-45.8742,170.5036,10.68,73,98,3.39,NZ,1736625718
221,bensonville,6.4461,-10.6125,25.24,81,100,1.9,LR,1736625585
222,patterson,37.4716,-121.1297,15.61,36,0,8.44,US,1736625656
223,naze,28.3667,129.4833,11.51,60,100,5.58,JP,1736625721
224,zaltan,32.947,11.8665,14.55,47,0,4.71,LY,1736625723
225,lebu,-37.6167,-73.65,18.44,57,20,7.75,CL,1736625724
226,quang ngai,15.1167,108.8,16.35,86,57,2.19,VN,1736625725
227,eenhana,-17.4667,16.3333,27.16,27,19,2.33,NA,1736625727
228,padangsidempuan,1.3667,99.2667,21.14,96,100,1.37,ID,1736625728
229,ugoofaaru,5.6667,73.0,27.01,77,100,3.97,MV,1736625729
230,hawaiian paradise park,19.5933,-154.9731,21.5,98,75,4.63,US,1736625730
231,fort bragg,35.139,-79.006,7.58,52,20,6.69,US,1736625732
232,taroudant,30.4703,-8.877,13.98,47,4,1.71,MA,1736625734
233,freetown,8.484,-13.2299,26.84,66,100,3.59,SL,1736625735
234,mollendo,-17.0231,-72.0147,21.83,75,81,3.26,PE,1736625674
235,tsarevo,42.1667,27.85,3.27,98,100,3.64,BG,1736625738
236,saipan,15.1355,145.701,27.03,77,43,5.36,MP,1736625739
237,vorgashor,67.5833,63.95,-20.76,100,85,2.36,RU,1736625740
238,jalai nur,49.45,117.7,-27.08,98,18,1.21,CN,1736625743
239,kapa'a,22.0752,-159.319,24.15,84,27,0.89,US,1736625744
240,eldorado at santa fe,35.5264,-105.9347,4.56,27,0,4.47,US,1736625746
241,kosong,38.3788,128.4676,-5.51,64,99,3.41,KR,1736625748
242,yuzhno-kurilsk,44.0306,145.8556,-3.06,74,100,6.05,RU,1736625749
243,independence,39.0911,-94.4155,2.44,60,75,5.66,US,1736625750
244,imbituba,-28.24,-48.6703,22.27,71,100,3.12,BR,1736625645
245,vejen,55.4833,9.15,-0.97,86,3,3.09,DK,1736625754
246,petropavlovsk-kamchatsky,53.0452,158.6483,-17.67,51,0,2.0,RU,1736625756
247,caister-on-sea,52.6481,1.7265,1.07,85,96,2.9,GB,1736625757
248,yerofey pavlovich,53.9667,121.9667,-30.54,100,37,1.06,RU,1736625758
249,atafu village,-8.5421,-172.5159,28.09,74,100,6.09,TK,1736625761
250,masterton,-40.9597,175.6575,11.85,81,100,4.77,NZ,1736625762
251,aral,40.5156,81.2636,-4.76,61,0,2.4,CN,1736625763
252,ancud,-41.8697,-73.8203,17.39,67,100,3.86,CL,1736625765
253,la gi,10.6667,107.7833,21.8,77,83,3.98,VN,1736625766
254,boyolali,-7.5331,110.5958,22.3,88,98,1.64,ID,1736625637
255,bandon,51.7469,-8.7425,6.77,89,100,0.5,IE,1736625769
256,havixbeck,51.9833,7.4167,0.35,96,4,3.22,DE,1736625770
257,tidjikja,18.5564,-11.4271,19.57,11,0,5.12,MR,1736625771
258,volosovo,59.4333,29.4833,-0.62,97,100,5.44,RU,1736625772
259,coyhaique,-45.5752,-72.0662,22.37,39,98,3.85,CL,1736625775
260,yangirabot,40.0254,65.961,1.39,47,0,3.64,UZ,1736625776
261,sao luis de montes belos,-16.525,-50.3722,26.64,82,25,1.92,BR,1736625778
262,cobija,-11.0267,-68.7692,32.41,56,97,1.21,BO,1736625779
263,basco,20.4487,121.9702,21.67,75,95,9.3,PH,1736625780
264,vilyuysk,63.7553,121.6247,-20.86,99,100,2.34,RU,1736625781
265,saint-philippe,-21.3585,55.7679,26.33,83,50,6.43,RE,1736625783
266,lihue,21.9789,-159.3672,23.74,84,20,5.33,US,1736625712
267,aegina,37.7467,23.4275,15.93,72,17,2.1,GR,1736625785
268,telese,41.2173,14.5277,9.12,92,100,4.1,IT,1736625787
269,tuburan,6.6439,122.2736,25.75,83,100,0.84,PH,1736625788
270,port augusta,-32.5,137.7667,20.56,66,3,3.69,AU,1736625789
271,jiuquan,39.7432,98.5174,-6.37,48,0,2.74,CN,1736625790
272,harpswell center,43.8018,-69.9842,-3.06,83,100,0.45,US,1736625792
273,buala,-8.145,159.5921,26.86,80,100,2.34,SB,1736625793
274,wadesboro,34.9682,-80.0767,5.75,60,75,4.12,US,1736625794
275,ginir,7.1333,40.7,14.43,62,16,1.78,ET,1736625796
276,mto wa mbu,-3.35,35.85,21.99,78,100,1.21,TZ,1736625797
277,callao,-12.0667,-77.15,24.16,69,0,4.12,PE,1736625798
278,east london,-33.0153,27.9116,23.0,82,98,8.05,ZA,1736625800
279,isangel,-19.55,169.2667,25.19,72,59,1.37,VU,1736625801
280,aqaba,29.5267,35.0078,15.92,51,0,0.0,JO,1736625802
281,lospalos,-8.5186,127.0025,22.92,97,100,1.63,TL,1736625803
282,margate,51.3813,1.3862,2.05,92,7,4.01,GB,1736625805
283,san borja,-14.8167,-66.85,25.67,95,99,2.91,BO,1736625806
284,corinto,37.9407,22.9573,11.61,84,80,1.5,GR,1736625807
285,hilo,19.7297,-155.09,20.77,98,100,5.14,US,1736625808
286,puerto madryn,-42.7692,-65.0385,28.07,40,79,10.41,AR,1736625675
287,egilsstadir,65.2653,-14.3948,-0.05,86,0,0.51,IS,1736625811
288,arkhipo-osipovka,44.37,38.52,9.42,83,100,1.7,RU,1736625812
289,rikaze,29.25,88.8833,-4.17,31,0,1.16,CN,1736625814
290,palu,-0.8917,119.8707,24.15,98,100,1.31,ID,1736625815
291,fredericton,45.9454,-66.6656,-1.43,79,100,4.63,CA,1736625777
292,tacna,-18.0056,-70.2483,24.11,50,0,5.66,PE,1736625486
293,flin flon,54.7682,-101.865,-19.09,71,20,5.14,CA,1736625819
294,tari,-11.1105,14.3559,19.16,95,99,0.71,AO,1736625820
295,khvansar,33.2205,50.315,-1.72,59,0,2.61,IR,1736625821
296,happy valley-goose bay,53.3168,-60.3315,-0.83,74,75,6.17,CA,1736625823
297,tralee,52.2704,-9.7026,4.28,94,100,2.41,IE,1736625824
298,tazovsky,67.4667,78.7,-20.82,99,95,3.27,RU,1736625825
299,frohburg,51.05,12.55,1.07,76,100,4.02,DE,1736625826
300,hayle,50.1839,-5.4214,9.46,100,100,2.57,GB,1736625828
301,aktau,43.65,51.2,1.32,53,0,8.33,KZ,1736625829
302,adrar,20.5022,-10.0711,18.2,12,0,5.19,MR,1736625830
303,peddapuram,17.0833,82.1333,18.19,83,100,3.15,IN,1736625832
304,holualoa,19.6228,-155.9522,21.92,82,40,4.63,US,1736625833
305,gambat,27.3515,68.5205,15.46,14,0,3.3,PK,1736625834
306,khandyga,62.6667,135.6,-27.22,98,100,0.7,RU,1736625836
307,goundam,16.4145,-3.6708,22.12,13,100,5.0,ML,1736625837
308,ha'il,27.5219,41.6907,11.01,50,0,2.06,SA,1736625838
309,nabari,34.6167,136.0833,-0.42,76,100,1.0,JP,1736625840
310,le cannet,43.5766,7.0191,9.34,82,100,3.6,FR,1736625841
311,panzos,15.4,-89.6667,27.13,59,78,1.92,GT,1736625842
312,akureyri,65.6835,-18.0878,2.96,75,40,7.2,IS,1736625843
313,afaahiti,-17.75,-149.2833,25.89,84,100,10.86,PF,1736625845
314,kourou,5.1552,-52.6478,27.56,73,67,3.56,GF,1736625606
315,weno,7.4515,151.8468,28.03,78,99,9.67,FM,1736625847
316,kawage,34.8045,136.5464,2.9,72,100,1.57,JP,1736625849
317,ar rutbah,33.0381,40.2848,8.42,83,0,2.6,IQ,1736625850
318,kutum,14.2,24.6667,13.78,30,1,4.07,SD,1736625851
319,am timan,11.0297,20.2827,24.93,22,33,2.76,TD,1736625853
320,aleksandrovsk-sakhalinskiy,50.8975,142.1561,-17.91,98,5,1.7,RU,1736625854
321,zepce,44.4267,18.0378,-1.91,88,100,0.86,BA,1736625855
322,constantia,44.1833,28.65,0.38,72,100,3.39,RO,1736625845
323,kawambwa,-9.7915,29.0791,17.42,92,31,0.7,ZM,1736625858
324,lagoa,39.05,-27.9833,18.23,82,100,19.27,PT,1736625859
325,belmonte,-15.8631,-38.8828,26.27,92,83,3.8,BR,1736625860
326,malkara,40.89,26.9011,3.47,88,100,3.31,TR,1736625862
327,zeya,53.75,127.2667,-27.23,100,100,0.98,RU,1736625863
328,tres lagoas,-20.7511,-51.6783,23.85,81,86,3.79,BR,1736625735
329,dryden,49.7833,-92.7503,-13.84,78,100,1.54,CA,1736625866
330,udachny,66.4167,112.4,-27.17,100,98,2.73,RU,1736625744
331,prainha,-1.8,-53.48,32.23,49,92,1.82,BR,1736625869
332,port saint john's,-31.6229,29.5448,25.79,91,90,3.47,ZA,1736625870
333,chernyshevskiy,63.0128,112.4714,-21.91,99,100,1.55,RU,1736625871
334,novomyrhorod,48.7811,31.642,-0.53,81,5,2.68,UA,1736625872
335,ploudalmezeau,48.5333,-4.65,7.21,100,100,2.06,FR,1736625874
336,caleta de carquin,-11.0925,-77.6267,23.39,74,100,4.08,PE,1736625875
337,saint-leu,-21.15,55.2833,26.48,81,58,1.25,RE,1736625876
338,pacific grove,36.6177,-121.9166,16.07,41,0,2.06,US,1736625878
339,pak chong,14.708,101.4161,12.94,68,100,7.91,TH,1736625879
340,minas de marcona,-15.2119,-75.1103,22.11,55,60,5.83,PE,1736625880
341,katsuura,35.1333,140.3,8.31,54,100,2.19,JP,1736625816
342,sinabang,2.4803,96.3801,24.73,90,100,0.85,ID,1736625883
343,santa ana,33.7456,-117.8678,19.14,39,20,2.68,US,1736625418
344,mahdia,35.5047,11.0622,15.38,49,1,4.32,TN,1736625885
345,broken hill,-31.95,141.4333,25.31,36,95,2.82,AU,1736625887
346,inarajan village,13.2736,144.7484,26.0,81,95,9.15,GU,1736625889
347,coquimbo,-29.9533,-71.3436,20.85,68,75,5.14,CL,1736625734
348,abashiri,44.0213,144.2697,-7.19,92,100,3.11,JP,1736625892
349,luuq,3.7938,42.5445,29.44,33,91,4.15,SO,1736625893
350,saint-pierre,-21.3393,55.4781,26.82,74,0,1.54,RE,1736625895
351,ascencion de guarayos,-15.8963,-63.1881,23.26,96,100,1.4,BO,1736625897
352,nueva guinea,11.6876,-84.4562,27.2,74,100,4.55,NI,1736625899
353,dubinino,55.6192,89.0911,-7.26,86,100,7.16,RU,1736625900
354,port elizabeth,-33.918,25.5701,20.73,85,20,6.69,ZA,1736625901
355,buta,2.7858,24.73,23.2,39,50,0.78,CD,1736625903
356,al bardiyah,31.7561,25.0865,15.35,67,0,4.15,LY,1736625904
357,inhambane,-23.865,35.3833,27.78,94,20,2.24,MZ,1736625905
358,juneau,58.3019,-134.4197,3.15,97,100,10.8,US,1736625906
359,thinadhoo,0.5333,72.9333,27.47,75,100,3.46,MV,1736625908
360,qaqortoq,60.7167,-46.0333,3.74,62,100,7.52,GL,1736625909
361,cockburn town,21.4612,-71.1419,23.36,68,10,3.27,TC,1736625866
362,pucheng,27.9233,118.5333,-1.4,42,0,0.36,CN,1736625911
363,bayanhongor,46.7167,100.1167,-18.97,100,100,0.17,MN,1736625913
364,miquelon,47.0975,-56.3814,2.63,73,11,6.33,PM,1736625914
365,gizo,-8.103,156.8419,28.24,75,79,3.1,SB,1736625915
366,rocha,-34.4833,-54.3333,24.88,51,0,5.72,UY,1736625917
367,griffith,41.5284,-87.4237,0.16,70,40,5.14,US,1736625715
368,fisterra,42.9049,-9.2629,14.72,87,95,2.85,ES,1736625919
369,san antonio de pale,-1.4014,5.6325,27.38,79,54,4.44,GQ,1736625921
370,chos malal,-37.3781,-70.2709,33.86,20,3,5.0,AR,1736625922
371,surgut,61.25,73.4167,-12.9,92,0,5.0,RU,1736625910
372,champerico,14.3,-91.9167,28.17,66,0,4.11,GT,1736625925
373,itoman,26.1247,127.6694,14.96,63,100,7.72,JP,1736625926
374,owase,34.0667,136.2,3.61,66,100,0.91,JP,1736625853
375,choele choel,-39.2667,-65.6833,34.9,23,9,3.42,AR,1736625930
376,crookston,47.7741,-96.6081,-6.94,79,100,4.12,US,1736625933
377,polyarnyy,69.1989,33.4478,-14.87,95,0,4.94,RU,1736625934
378,bubaque,11.2833,-15.8333,26.31,69,0,5.2,GW,1736625936
379,arkhangel'sk,64.5401,40.5433,-16.94,85,0,3.0,RU,1736625937
380,ar ruways,24.1103,52.7306,18.4,74,1,3.06,AE,1736625938
381,semera,11.501,41.201,22.2,60,20,6.33,ET,1736625940
382,nizhneudinsk,54.9076,99.0276,-7.03,89,100,1.86,RU,1736625941
383,jumla,29.2747,82.1838,-1.46,57,0,3.07,NP,1736625942
384,uwajima,33.2238,132.56,2.22,76,93,1.69,JP,1736625944
385,saint-francois,46.4154,3.9054,-2.31,93,0,3.6,FR,1736625945
386,lompoc,34.6391,-120.4579,19.24,33,0,8.75,US,1736625946
387,el fasher,13.6279,25.3494,16.51,26,5,4.36,SD,1736625770
388,cabedelo,-6.9811,-34.8339,29.37,76,63,5.05,BR,1736625889
389,formosa do rio preto,-11.0483,-45.1931,25.07,89,100,2.0,BR,1736625814
390,palafrugell,41.9174,3.1631,11.86,64,52,8.49,ES,1736625953
391,nacala,-14.5428,40.6728,27.62,83,40,2.57,MZ,1736625954
392,altay,47.8667,88.1167,-13.02,88,87,2.39,CN,1736625955
393,galesong,-5.3166,119.3661,26.03,85,100,2.76,ID,1736625956
394,madhubani,26.3667,86.0833,14.62,64,0,1.84,IN,1736625958
395,sanming,26.2486,117.6186,0.28,38,0,0.57,CN,1736625959
396,manokwari,-0.8667,134.0833,25.93,79,100,1.23,ID,1736625960
397,sargatskoye,55.6101,73.4972,-8.02,96,99,2.88,RU,1736625962
398,carbonear,47.7332,-53.2148,1.34,92,98,6.69,CA,1736625963
399,cabo san lucas,22.8909,-109.9124,22.09,32,0,5.66,MX,1736625965
400,warner robins,32.621,-83.5999,6.54,57,0,6.17,US,1736625966
401,nizhneangarsk,55.7833,109.55,-13.87,95,100,1.12,RU,1736625967
402,alaghsas,17.0187,8.0168,19.3,21,100,7.12,NE,1736625969
403,bukama,-9.2,25.85,20.83,97,89,0.68,CD,1736625970
404,pristen',51.2355,36.6959,1.5,69,100,3.02,RU,1736625971
405,campo do brito,-10.7333,-37.4933,24.76,87,100,3.38,BR,1736625766
406,obama,35.4958,135.746,3.86,74,100,2.94,JP,1736625974
407,palmer,42.1584,-72.3287,-1.04,72,100,4.63,US,1736625975
408,barah,13.7,30.3667,16.91,24,2,5.58,SD,1736625872
409,vorkuta,67.5,64.0,-21.39,100,81,2.38,RU,1736625978
410,magadan,59.5667,150.8,-25.29,83,2,3.24,RU,1736625979
411,touros,-5.1989,-35.4608,27.61,74,100,4.15,BR,1736625980
412,turbat,26.0023,63.044,16.91,25,2,5.78,PK,1736625982
413,akersberga,59.4794,18.2997,-0.41,87,8,8.28,SE,1736625983
414,canutama,-6.5339,-64.3831,28.44,80,100,0.87,BR,1736625984
415,javanrud,34.7961,46.5172,3.41,99,100,2.91,IR,1736625986
416,cestos city,5.46,-9.5828,27.46,78,100,3.4,LR,1736625987
417,bayevo,53.2833,80.7667,-9.47,96,100,4.82,RU,1736625989
418,kenai,60.5544,-151.2583,1.19,94,20,4.12,US,1736625900
419,neuville-en-ferrain,50.75,3.15,-0.98,85,80,1.72,FR,1736625992
420,bandarbeyla,9.4942,50.8122,23.03,66,100,7.8,SO,1736625993
421,karasburg,-28.0167,18.75,25.11,20,0,9.2,NA,1736625995
422,dakhla,23.6848,-15.958,19.01,72,0,10.8,EH,1736625996
423,najera,42.4244,-2.734,7.45,88,71,2.36,ES,1736625997
424,dauphin,51.1494,-100.0502,-10.92,85,100,5.14,CA,1736625592
425,kailua-kona,19.6406,-155.9956,24.19,80,40,4.63,US,1736626000
426,ampanihy,-24.7,44.75,28.1,55,0,2.17,MG,1736626001
427,puerto armuelles,8.2833,-82.8667,26.72,76,100,0.45,PA,1736626002
428,keflavik,64.0049,-22.5624,5.24,100,75,9.26,IS,1736626004
429,onega,63.9061,38.1404,-8.89,94,100,2.09,RU,1736626005
430,dhidhdhoo,6.8833,73.1,27.12,76,100,2.26,MV,1736626006
431,kruisfontein,-34.0033,24.7314,18.97,74,54,7.29,ZA,1736626007
432,aykhal,66.0,111.5,-27.97,100,100,3.52,RU,1736626009
433,la sarre,48.8002,-79.1996,-5.06,87,100,1.42,CA,1736626010
434,gisborne,-38.6533,178.0042,14.32,69,95,7.31,NZ,1736626011
435,satana,20.5833,74.2,17.41,60,53,2.09,IN,1736625881
436,kiunga,-6.1219,141.2906,23.03,100,100,0.97,PG,1736626014
437,zhezqazghan,47.7833,67.7667,-14.71,80,8,2.91,KZ,1736626015
438,pangody,65.85,74.4859,-20.38,96,40,4.09,RU,1736626018
439,camarinas,43.1311,-9.1817,13.29,92,94,3.09,ES,1736626019
440,usinsk,65.9939,57.5281,-20.03,100,88,4.99,RU,1736626020
441,qacha's nek,-30.1154,28.6894,18.38,66,100,1.5,LS,1736626022
442,kuala belait,4.5833,114.1833,24.1,95,100,2.77,BN,1736626023
443,jamaame,0.0697,42.745,24.1,82,87,4.98,SO,1736626026
444,pelabuhanratu,-6.9875,106.5514,25.96,83,93,0.53,ID,1736626027
445,dzhambeyty,50.2536,52.595,-5.33,83,6,4.57,KZ,1736626028
446,queenstown,-31.8976,26.8753,19.47,88,99,2.97,ZA,1736625605
447,toliara,-23.35,43.6667,28.06,85,0,1.37,MG,1736626031
448,baryshivka,50.361,31.3217,-0.62,87,10,3.17,UA,1736626032
449,emerald,-23.5333,148.1667,25.4,74,19,1.8,AU,1736626033
450,valparaiso,-33.0393,-71.6273,21.34,58,40,5.14,CL,1736626035
451,shimoda,34.6667,138.95,6.54,69,100,4.22,JP,1736626036
452,yelizovo,53.1873,158.3805,-16.92,51,0,2.0,RU,1736626038
453,mugia,43.1041,-9.2179,13.28,91,93,3.15,ES,1736626040
454,conduaga,8.862,117.4893,25.19,89,89,4.33,PH,1736626041
455,talata mafara,12.5732,6.0597,21.88,18,9,5.15,NG,1736626043
456,alo,6.5486,4.2686,25.42,70,49,2.75,NG,1736626044
457,santiago,-33.4569,-70.6483,32.88,23,40,6.69,CL,1736625557
458,changde,29.0464,111.6783,6.08,44,0,3.19,CN,1736626046
459,dampit,-8.2116,112.7493,22.12,94,100,1.38,ID,1736626048
460,uray,60.1247,64.7758,-14.94,97,90,0.47,RU,1736626049
461,nar'yan-mar,67.6713,53.087,-17.24,88,93,5.78,RU,1736626050
462,mudgee,-32.5943,149.5871,16.25,88,100,1.14,AU,1736626052
463,hobyo,5.3505,48.5268,23.87,71,100,9.74,SO,1736626053
464,general pico,-35.6566,-63.7568,36.98,18,75,2.25,AR,1736625858
465,jayapura,-2.5333,140.7,24.66,93,100,1.31,ID,1736625856
466,suntar,62.1444,117.6319,-17.0,91,100,2.68,RU,1736626057
467,altai,46.3722,96.2583,-15.57,96,100,2.88,MN,1736626058
468,ujae,8.9322,165.7642,27.67,79,87,11.08,MH,1736626060
469,tirebolu,41.0069,38.8139,11.44,59,73,3.29,TR,1736626061
470,tongliao,43.6125,122.2653,-12.94,56,5,0.5,CN,1736626062
471,daru,-9.0763,143.2092,24.44,93,100,3.48,PG,1736626063
472,baneasa,44.0461,26.0642,2.31,72,100,2.2,RO,1736626065
473,jalalpur pirwala,29.5069,71.2192,10.47,72,0,2.0,PK,1736626067
474,bay city,43.5945,-83.8889,0.88,67,0,4.63,US,1736625865
475,polessk,54.862,21.1028,-0.79,92,74,4.43,RU,1736626070
476,revda,56.801,59.9303,-0.84,94,100,3.41,RU,1736626071
477,palikir - national government center,6.9248,158.1611,26.41,83,100,2.06,FM,1736626073
478,cartagena del chaira,1.3349,-74.8429,32.29,43,100,2.24,CO,1736625892
479,paita,-5.0892,-81.1144,23.74,70,100,5.05,PE,1736626075
480,punta del este,-34.9667,-54.95,22.15,78,40,5.14,UY,1736625952
481,camocim,-2.9022,-40.8411,28.46,73,48,6.68,BR,1736626079
482,linden,6.0,-58.3,26.42,85,48,2.05,GY,1736626044
483,camacupa,-12.0167,17.4833,17.27,97,69,1.93,AO,1736626082
484,lubang,13.8584,120.124,26.01,80,99,12.02,PH,1736626083
485,capao da canoa,-29.7456,-50.0097,23.47,68,82,4.54,BR,1736625818
486,takoradi,4.8845,-1.7554,27.25,81,4,3.58,GH,1736625999
487,guayaramerin,-10.8368,-65.3614,28.12,73,100,0.46,BO,1736626087
488,san julian,21.0167,-102.1667,15.88,64,96,8.68,MX,1736626088
489,castillos,-34.1667,-53.8333,23.66,56,0,4.32,UY,1736625818
490,ghanzi,-21.5667,21.7833,23.19,70,100,3.2,BW,1736626094
491,salinopolis,-0.6136,-47.3561,26.99,86,44,5.32,BR,1736626095
492,xining,36.6167,101.7667,-7.44,37,0,0.76,CN,1736626096
493,maine soroa,13.2114,12.0241,18.31,22,8,4.41,NE,1736626097
494,diu,20.7141,70.9822,18.51,40,0,3.77,IN,1736626099
495,eraan,9.0629,117.7016,25.35,89,100,4.19,PH,1736626100
496,bel ombre,-4.6167,55.4167,27.34,73,81,5.52,SC,1736626101
497,remire-montjoly,4.9167,-52.2667,29.02,79,75,5.14,GF,1736626102
498,tikhvin,59.6451,33.5294,1.06,100,100,2.16,RU,1736626104
499,wajir,1.7471,40.0573,29.96,40,100,4.13,KE,1736626105
500,beau vallon,-20.4189,57.6953,26.13,83,20,6.69,MU,1736626106
501,buharkent,37.964,28.7427,11.68,91,100,2.14,TR,1736626108
502,kwekwe,-18.9281,29.8149,22.07,79,100,1.99,ZW,1736626109
503,tweed heads,-28.1817,153.547,20.02,100,75,3.09,AU,1736626110
504,dorogobuzh,54.915,33.2972,-3.01,88,24,3.86,RU,1736626112
505,cururupu,-1.8283,-44.8683,27.83,75,85,2.17,BR,1736626031
506,jeddah,21.5169,39.2192,23.92,41,40,4.12,SA,1736626114
507,jaisalmer,26.9147,70.9181,14.72,43,0,4.12,IN,1736626116
508,rosarito,32.3333,-117.0333,16.19,54,0,2.29,MX,1736625593
509,williamsburg,37.2707,-76.7075,4.07,72,40,5.66,US,1736626118
510,northwood,40.4728,-83.7324,-0.52,79,40,4.63,US,1736626121
511,ravar,31.2656,56.8055,9.02,43,51,0.87,IR,1736626122
512,darwin,-12.4611,130.8418,28.94,84,100,3.6,AU,1736625872
513,meiktila,20.8667,95.8667,18.22,68,4,1.9,MM,1736626125
514,barclayville,4.6797,-8.2339,26.33,83,96,2.82,LR,1736626126
515,krasnokholmskiy,55.9873,55.0466,0.71,96,100,3.88,RU,1736626127
516,markala,13.7021,-6.0659,24.37,14,99,3.83,ML,1736626129
517,paracuru,-3.41,-39.0306,28.17,72,92,4.26,BR,1736625948
518,hami,42.8,93.45,-6.46,73,38,2.49,CN,1736626131
519,mpika,-11.8343,31.4529,17.35,93,85,1.33,ZM,1736626132
520,primorskiy,43.0983,131.5875,-12.05,64,0,3.8,RU,1736626134
521,sao paulo de olivenca,-3.3783,-68.8725,33.13,53,82,0.53,BR,1736626135
522,motygino,58.1831,94.7592,-6.91,95,100,3.54,RU,1736626136
523,saint-denis,48.9167,2.3333,1.28,98,100,2.06,FR,1736626138
524,selkirk,50.1436,-96.8845,-9.9,81,100,0.89,CA,1736626139
525,vuktyl,63.8567,57.3094,-22.28,100,55,1.26,RU,1736626140
526,weining,26.85,104.2333,-1.09,78,52,2.0,CN,1736626141
527,hasaki,35.7333,140.8333,8.97,35,100,2.58,JP,1736626143
528,sumusta as sultani,28.9167,30.85,14.8,56,18,3.42,EG,1736625983
529,nadym,65.5333,72.5167,-18.37,92,90,4.42,RU,1736626145
530,vohibinany,-17.35,49.0333,23.99,99,100,3.29,MG,1736626146
531,coahuayana de hidalgo,18.7,-103.6583,24.63,74,100,0.64,MX,1736626149
532,pozega,45.3403,17.6853,0.36,74,22,0.51,HR,1736626150
533,gaigeturi,33.4644,126.3183,6.05,53,100,7.96,KR,1736626152
534,ploneour-lanvern,47.9,-4.2833,6.18,93,100,2.57,FR,1736626153
535,carnarvon,-24.8667,113.6333,24.94,64,53,7.03,AU,1736626154
536,alexandria,31.2156,29.9553,16.73,78,16,3.52,EG,1736625647
537,nizhnesortymskiy,62.4397,71.7603,-16.03,90,10,5.82,RU,1736626157
538,shchuchinsk,52.9333,70.2,-14.45,96,52,2.2,KZ,1736626159
539,jinchang,38.4953,102.1739,-2.56,22,0,2.64,CN,1736626160
540,ryotsu-minato,38.0833,138.4333,3.65,60,100,1.57,JP,1736626161
541,kolpashevo,58.3131,82.9089,-9.11,94,100,3.76,RU,1736626162
542,nagqu,31.5,92.0,-10.0,23,1,0.6,CN,1736626164
543,olinda,-8.0089,-34.8553,28.85,74,40,5.66,BR,1736626165
544,celeyke,38.0597,37.1879,1.4,76,76,1.21,TR,1736626166
545,rehli,23.6333,79.0833,15.84,45,0,1.77,IN,1736626167
546,pitiquito,30.7,-112.0833,17.66,13,0,1.75,MX,1736626170
547,sheki,41.1919,47.1706,6.22,42,0,1.88,AZ,1736626171
548,portland,45.5234,-122.6762,7.63,90,99,2.68,US,1736625609
549,goz beida,13.95,20.55,19.51,21,0,4.2,TD,1736626174
550,middelharnis,51.7575,4.1653,2.56,81,100,3.65,NL,1736626175
551,kurchatov,51.6601,35.6521,-1.1,92,36,2.4,RU,1736626176
552,geiro,-6.15,36.8667,17.6,98,86,1.05,TZ,1736626178
